Variable,AVE,CR,Status
HP1,0.498,0.856,Check
HP2,0.647,0.916,Good
HP3,0.772,0.953,Good
HP4_R,0.208,0.611,Check
HP5,0.575,0.89,Good
HP6_R,0.288,0.708,Check
JCP1_R,0.372,0.745,Check
JCP2_R,0.389,0.761,Check
JCP3_R,0.425,0.795,Check
JCP4_R,0.447,0.791,Check
JCP5_R,0.097,0.345,Check
PP1,0.187,0.479,Check
PP2,0.536,0.822,Good
PP3,0.314,0.647,Check
PP4,0.419,0.742,Check
PP5,0.607,0.861,Good
PP6,0.149,0.411,Check
DP1,0.094,0.292,Check
DP2,0.644,0.878,Good
DP3,0.646,0.88,Good
DP4,0.718,0.911,Good
DP5,0.656,0.884,Good
CI1,0.409,0.806,Check
CI2,0.562,0.885,Good
CI3,0.442,0.826,Check
CI4,0.549,0.88,Good
CI5,0.59,0.896,Good
CI6,0.478,0.846,Check
CI7,0.51,0.862,Good
CI8,0.633,0.912,Good
