Model,lval,rval,Est. Std,p-value
Model_4_3Factors_CP_NoPP,JCP5_R,CP,0.14665700671274037,0.005994982929204751
Model_6_3Factors_CP_NoDP,JCP5_R,CP,0.14794069349718164,0.0055829658663772985
Model_2_4Factors_CP,JCP5_R,CP,0.14809408090968862,0.0055355330244724055
Model_4_3Factors_CP_NoPP,JCP4_R,CP,0.2731692282464285,3.1078650164495514e-07
Model_6_3Factors_CP_NoDP,JCP4_R,CP,0.27666742558237567,2.2082677197943212e-07
Model_2_4Factors_CP,JCP4_R,CP,0.27702337567859375,2.1318439324957694e-07
Model_4_3Factors_CP_NoPP,JCP1_R,CP,0.2903241581806788,5.395919244755021e-08
Model_6_3Factors_CP_NoDP,JCP1_R,CP,0.2938834411729524,3.735566900253673e-08
Model_2_4Factors_CP,JCP1_R,CP,0.2942437031223046,3.597060271864905e-08
Model_2_4Factors_CP,DP1,DP,0.3043816679111079,-
Model_1_5Factors,DP1,DP,0.305350366142557,-
Model_4_3Factors_CP_NoPP,DP1,DP,0.3066919262054223,-
Model_3_4Factors_NoPP,DP1,DP,0.3072911220875433,-
Model_4_3Factors_CP_NoPP,JCP2_R,CP,0.3156403969458522,3.3949945077438315e-09
Model_6_3Factors_CP_NoDP,JCP2_R,CP,0.3189485040035832,2.348960359555008e-09
Model_2_4Factors_CP,JCP2_R,CP,0.3191373316312678,2.2995374493461895e-09
Model_4_3Factors_CP_NoPP,JCP3_R,CP,0.372230032279343,3.191447106587475e-12
Model_6_3Factors_CP_NoDP,JCP3_R,CP,0.37573080912859924,2.0246027077064355e-12
Model_2_4Factors_CP,JCP3_R,CP,0.3758318965089398,1.9972912213006566e-12
Model_6_3Factors_CP_NoDP,PP6,PP,0.38492256508690637,2.5765511280084752e-08
Model_2_4Factors_CP,PP6,PP,0.38514375285733365,2.3558109907284575e-08
Model_5_4Factors_NoDP,PP6,PP,0.38604051080770385,2.2776192043494348e-08
Model_1_5Factors,PP6,PP,0.38622777349281473,2.0366549113859378e-08
Model_5_4Factors_NoDP,JCP5_R,JCP,0.41533012170003053,2.220446049250313e-16
Model_1_5Factors,JCP5_R,JCP,0.4154137491075573,2.220446049250313e-16
Model_3_4Factors_NoPP,JCP5_R,JCP,0.41591738910995746,2.220446049250313e-16
Model_6_3Factors_CP_NoDP,PP1,PP,0.4307562766884731,-
Model_5_4Factors_NoDP,PP1,PP,0.43169722945524375,-
Model_2_4Factors_CP,PP1,PP,0.4323065552778629,-
Model_1_5Factors,PP1,PP,0.4337411439764529,-
Model_1_5Factors,HP4_R,HP,0.44700175277824133,0.0
Model_3_4Factors_NoPP,HP4_R,HP,0.44711663347038616,0.0
Model_5_4Factors_NoDP,HP4_R,HP,0.44725297712211537,0.0
Model_4_3Factors_CP_NoPP,HP4_R,CP,0.463305207051588,0.0
Model_2_4Factors_CP,HP4_R,CP,0.4641838111939491,0.0
Model_6_3Factors_CP_NoDP,HP4_R,CP,0.4641985341549506,0.0
Model_1_5Factors,HP6_R,HP,0.5185887670790689,0.0
Model_3_4Factors_NoPP,HP6_R,HP,0.5188100225053038,0.0
Model_5_4Factors_NoDP,HP6_R,HP,0.5189977418204432,0.0
Model_4_3Factors_CP_NoPP,HP6_R,CP,0.553144143253408,0.0
Model_6_3Factors_CP_NoDP,HP6_R,CP,0.5552063233000848,0.0
Model_2_4Factors_CP,HP6_R,CP,0.5553217593729228,0.0
Model_1_5Factors,PP3,PP,0.5561066835607067,5.306421968498398e-12
Model_5_4Factors_NoDP,PP3,PP,0.5579064788199454,6.1237681592274384e-12
Model_2_4Factors_CP,PP3,PP,0.56365055315477,4.668043729338933e-12
Model_6_3Factors_CP_NoDP,PP3,PP,0.5648046003768333,5.28177501735172e-12
