Variable,AVE,CR,Status
HP1,0.501,0.858,Good
HP2,0.651,0.918,Good
HP3,0.774,0.954,Good
HP4_R,0.215,0.621,Check
HP5,0.581,0.893,Good
HP6_R,0.294,0.714,Check
JCP1_R,0.374,0.748,Check
JCP2_R,0.392,0.765,Check
JCP3_R,0.429,0.797,Check
JCP4_R,0.446,0.791,Check
JCP5_R,0.1,0.356,Check
JCP6,0.002,0.004,Check
PP1,0.188,0.48,Check
PP2,0.535,0.822,Good
PP3,0.313,0.646,Check
PP4,0.42,0.743,Check
PP5,0.602,0.858,Good
PP6,0.142,0.398,Check
DP1,0.093,0.292,Check
DP2,0.639,0.876,Good
DP3,0.641,0.877,Good
DP4,0.72,0.911,Good
DP5,0.658,0.885,Good
CI1,0.409,0.806,Check
CI2,0.563,0.885,Good
CI3,0.441,0.825,Check
CI4,0.549,0.88,Good
CI5,0.587,0.895,Good
CI6,0.475,0.845,Check
CI7,0.506,0.86,Good
CI8,0.631,0.911,Good
