Model,lval,rval,Est. Std,p-value
Model_5_4Factors_NoDP,JCP6,JCP,-0.05930284365003209,0.25604876379924857
Model_1_5Factors,JCP6,JCP,-0.05902011410198705,0.25825913583947546
Model_3_4Factors_NoPP,JCP6,JCP,-0.054170988607131314,0.2995503827593926
Model_2_4Factors_CP,JCP6,CP,0.003534227750175411,0.94682576968805
Model_6_3Factors_CP_NoDP,JCP6,CP,0.0036265119837556913,0.9454350027031306
Model_4_3Factors_CP_NoPP,JCP6,CP,0.00657676634284801,0.9011915886947488
Model_4_3Factors_CP_NoPP,JCP5_R,CP,0.15645261696820387,0.0031413321453335197
Model_6_3Factors_CP_NoDP,JCP5_R,CP,0.1577051614837912,0.002918120571905769
Model_2_4Factors_CP,JCP5_R,CP,0.15803036452525496,0.0028624215901869032
Model_4_3Factors_CP_NoPP,JCP4_R,CP,0.27690379317762326,1.717604145579088e-07
Model_6_3Factors_CP_NoDP,JCP4_R,CP,0.2804484318101382,1.2065427146268348e-07
Model_2_4Factors_CP,JCP4_R,CP,0.2811555069561712,1.1238206409913687e-07
Model_4_3Factors_CP_NoPP,JCP1_R,CP,0.3014614560905524,1.2616476530169507e-08
Model_1_5Factors,DP1,DP,0.3026149670448099,-
Model_2_4Factors_CP,DP1,DP,0.3049331693397927,-
Model_6_3Factors_CP_NoDP,JCP1_R,CP,0.30501761278278977,8.608505241980424e-09
Model_2_4Factors_CP,JCP1_R,CP,0.3057492199752667,7.950704539183562e-09
Model_4_3Factors_CP_NoPP,DP1,DP,0.3069021385798027,-
Model_3_4Factors_NoPP,DP1,DP,0.3079942306102229,-
Model_4_3Factors_CP_NoPP,JCP2_R,CP,0.32070483965798086,1.4088756827845828e-09
Model_6_3Factors_CP_NoDP,JCP2_R,CP,0.3239908502379099,9.712388671090366e-10
Model_2_4Factors_CP,JCP2_R,CP,0.32453763017047826,9.1268814728096e-10
Model_6_3Factors_CP_NoDP,PP6,PP,0.375502852893873,3.481821186923639e-08
Model_2_4Factors_CP,PP6,PP,0.37592712129868056,3.1520752452607326e-08
Model_4_3Factors_CP_NoPP,JCP3_R,CP,0.37605473309225074,1.2538858840116518e-12
Model_5_4Factors_NoDP,PP6,PP,0.3764963747714195,3.1032116210027993e-08
Model_1_5Factors,PP6,PP,0.37734160209445344,2.7139546165955153e-08
Model_6_3Factors_CP_NoDP,JCP3_R,CP,0.37959703741189643,7.889244812986362e-13
Model_2_4Factors_CP,JCP3_R,CP,0.3800386236062853,7.44737604918555e-13
Model_5_4Factors_NoDP,JCP5_R,JCP,0.41781331554401874,0.0
Model_1_5Factors,JCP5_R,JCP,0.41798651938196085,0.0
Model_3_4Factors_NoPP,JCP5_R,JCP,0.41844989302791724,0.0
Model_6_3Factors_CP_NoDP,PP1,PP,0.4320332337482011,-
Model_5_4Factors_NoDP,PP1,PP,0.43296558294796006,-
Model_2_4Factors_CP,PP1,PP,0.4336817514336294,-
Model_1_5Factors,PP1,PP,0.43476380092702044,-
Model_3_4Factors_NoPP,HP4_R,HP,0.45497633317999936,0.0
Model_1_5Factors,HP4_R,HP,0.45498739619201384,0.0
Model_5_4Factors_NoDP,HP4_R,HP,0.4551264817760486,0.0
Model_4_3Factors_CP_NoPP,HP4_R,CP,0.4712598606001115,0.0
Model_6_3Factors_CP_NoDP,HP4_R,CP,0.47218824356837286,0.0
Model_2_4Factors_CP,HP4_R,CP,0.4722675013222111,0.0
Model_1_5Factors,HP6_R,HP,0.5234147990901792,0.0
Model_3_4Factors_NoPP,HP6_R,HP,0.5235300226215812,0.0
Model_5_4Factors_NoDP,HP6_R,HP,0.5236275334052319,0.0
Model_1_5Factors,PP3,PP,0.5551819138984233,3.919309321531728e-12
Model_5_4Factors_NoDP,PP3,PP,0.5569333494487533,4.426903288390349e-12
Model_4_3Factors_CP_NoPP,HP6_R,CP,0.5581336887105004,0.0
Model_6_3Factors_CP_NoDP,HP6_R,CP,0.560154362954211,0.0
Model_2_4Factors_CP,HP6_R,CP,0.5604697493247236,0.0
Model_2_4Factors_CP,PP3,PP,0.5627881332641348,3.320232977443993e-12
Model_6_3Factors_CP_NoDP,PP3,PP,0.5640140014058274,3.770983525441807e-12
